{
	"defaultSeverity": "error",
	"extends": ["tslint:recommended"],
	"jsRules": {},
	"rules": {
		"class-name": true,
		"comment-format": [true, "check-space"],
		"max-line-length": [true, 200],
		"member-ordering": [false],
		"indent": [true, "tabs", 2],
		"no-console": [true],
		"one-line": [true, "check-open-brace", "check-whitespace"],
		"no-var-keyword": true,
		"quotemark": [true, "single"],
		"semicolon": [true, "always", "ignore-bound-class-methods"],
		"object-literal-sort-keys": false,
		"object-literal-key-quotes": false,
		"whitespace": [
			true,
			"check-branch",
			"check-decl",
			"check-operator",
			"check-module",
			"check-separator",
			"check-type"
		],
		"typedef-whitespace": [
			true,
			{
				"call-signature": "nospace",
				"index-signature": "nospace",
				"parameter": "nospace",
				"property-declaration": "nospace",
				"variable-declaration": "nospace"
			},
			{
				"call-signature": "onespace",
				"index-signature": "onespace",
				"parameter": "onespace",
				"property-declaration": "onespace",
				"variable-declaration": "onespace"
			}
		],
		"trailing-comma": false,
		"no-internal-module": true,
		"no-trailing-whitespace": true,
		"no-null-keyword": true,
		"prefer-const": true,
		"jsdoc-format": true,
		"arrow-parens": false,
		"await-promise": true,
		"ordered-imports": true
	}
}
