{
	"id": "eb33169b-4734-4f8a-b88b-3725c45a0c8a",
	"name": "Lupine Moon Docker",
	"values": [
		{
			"key": "host",
			"value": "localhost",
			"type": "text",
			"description": "",
			"enabled": true
		},
		{
			"key": "port",
			"value": "8182",
			"type": "text",
			"description": "",
			"enabled": true
		},
		{
			"key": "access-token",
			"value": "secret",
			"description": "",
			"enabled": true
		},
		{
			"key": "token",
			"value": "eyJhbGciOiJIUzI1NiIsInR5cCI6IkpXVCJ9.eyJpZCI6MiwiaWF0IjoxNTQzNTY4MTYzLCJleHAiOjE1NDM2NTQ1NjN9.8s8ynW-N98C-R_7JFicusu3LcuSbDVBC-XI88Hq61Wg",
			"description": "",
			"enabled": true
		},
		{
			"key": "username",
			"value": "nic",
			"description": "",
			"enabled": true
		},
		{
			"key": "password",
			"value": "ulan",
			"description": "",
			"enabled": true
		}
	],
	"_postman_variable_scope": "environment",
	"_postman_exported_at": "2018-11-30T13:30:12.438Z",
	"_postman_exported_using": "Postman/6.5.2"
}
